<?xml version="1.0" encoding="UTF-8"?>
<project-private xmlns="http://www.netbeans.org/ns/project-private/1">
    <editor-bookmarks xmlns="http://www.netbeans.org/ns/editor-bookmarks/2" lastBookmarkId="0"/>
    <open-files xmlns="http://www.netbeans.org/ns/projectui-open-files/2">
        <group>
            <file>file:/Users/ezgicakir/Documents/project%20319/JavaApplication1/src/BestTradeGUI/UIManager.java</file>
            <file>file:/Users/ezgicakir/Documents/project%20319/JavaApplication1/src/BestTradeGUI/SendMessageScreen.java</file>
            <file>file:/Users/ezgicakir/Documents/project%20319/JavaApplication1/src/BestTradeGUI/EditProfilePanel.java</file>
            <file>file:/Users/ezgicakir/Documents/project%20319/JavaApplication1/src/Database/Database.java</file>
            <file>file:/Users/ezgicakir/Documents/project%20319/JavaApplication1/src/MailController/SendMail.java</file>
            <file>file:/Users/ezgicakir/Documents/project%20319/JavaApplication1/src/BestTradeGUI/ViewItemScreen.java</file>
            <file>file:/Users/ezgicakir/Documents/project%20319/JavaApplication1/src/BestTradeGUI/SignUpPanel.java</file>
        </group>
    </open-files>
</project-private>
